tibu,n,mismatch_rate
MT4,12,1.0
TO,127,1.0
NC,87,0.9885057471264368
Blank,120,0.3333333333333333
F,37,0.24324324324324326
C,1148,0.10104529616724739
LTFU,133,0.09022556390977443
TC,1520,0.08947368421052632
D,186,0.08602150537634409
